Feature,SHAP_Importance
sg_app,0.1009549880820465
sg_putt,0.07536702947069333
sg_ott,0.06417301136232915
sg_arg,0.05822716988771981
poor_shots,0.05549329341287044
scrambling,0.046483548749925774
gir,0.04531090471633077
great_shots,0.026771518707538564
distance,0.017932616059749287
accuracy,0.013385299345349124
prox_fw,0.01310544269273154
prox_rgh,0.006726906634332143
